Timestamp,People_Crossing,People_In_Crosswalk_Now,Avg_People_Velocity_Crossing_kmph,People_Waiting,People_In_Waiting_Now,Avg_People_Velocity_Waiting_kmph,Vehicles,Avg_Vehicle_Velocity_kmph,Queued_Vehicles,Label
57:57.7,3,3,0,3,3,0,6,0,0,red
58:01.4,3,3,18.02241335,3,3,18.02241335,6,134.6717046,0,red
58:01.5,3,3,10.9078013,3,3,10.9078013,6,135.0125824,0,red
58:01.6,3,3,10.91022381,3,3,10.91022381,6,153.4063931,1,red
58:01.7,3,3,6.756716289,3,3,6.756716289,6,159.5221559,0,red
58:01.8,3,3,15.07608458,3,3,15.07608458,6,172.4850747,0,red
58:01.9,3,3,6.663958154,3,3,6.663958154,6,185.9961334,0,red
58:02.0,3,3,16.65403974,3,3,16.65403974,6,219.1309257,0,red
58:02.1,3,3,5.594219329,3,3,5.594219329,6,227.7525527,1,red
58:02.1,3,3,13.59863755,3,3,13.59863755,6,151.8627188,0,red
58:02.2,3,3,17.7226975,3,3,17.7226975,6,105.5968949,0,red
58:02.3,3,3,20.67194388,3,3,20.67194388,5,122.7279922,0,red
58:02.4,3,3,21.91615754,3,3,21.91615754,5,128.1956496,0,red
58:02.5,3,3,19.31339347,3,3,19.31339347,5,119.686672,0,red
58:02.5,3,3,14.05167709,3,3,14.05167709,5,127.2004907,0,red
58:02.6,3,3,13.38799733,3,3,13.38799733,5,122.621548,1,red
58:02.6,3,3,15.63136603,3,3,15.63136603,5,118.2429615,2,red
58:02.7,3,3,10.31857363,3,3,10.31857363,6,142.302791,0,red
58:02.8,3,3,16.64951372,3,3,16.64951372,6,174.245379,0,red
58:02.9,3,3,14.08023332,3,3,14.08023332,6,213.6795241,0,red
58:02.9,3,3,9.465160253,3,3,9.465160253,6,102.673015,0,red
58:03.0,3,3,7.867996279,3,3,7.867996279,6,86.46980399,0,red
58:03.0,3,3,6.776185952,3,3,6.776185952,6,120.5530352,0,red
58:03.1,3,3,15.20765568,3,3,15.20765568,6,99.56972566,0,red
58:03.2,3,3,16.65547153,3,3,16.65547153,6,104.4232685,0,red
58:03.2,3,3,13.17944389,3,3,13.17944389,8,111.8855629,0,red
58:03.3,3,3,12.80963093,3,3,12.80963093,7,76.26910524,0,red
58:03.4,4,4,27.56770212,4,4,27.56770212,7,108.2740814,0,red
58:03.4,4,4,40.53847302,4,4,40.53847302,7,117.8404324,1,red
58:03.5,3,3,28.60622248,3,3,28.60622248,8,115.3928427,0,red
58:03.6,4,4,26.76653619,4,4,26.76653619,8,144.2589176,0,red
58:03.7,4,4,27.09534479,4,4,27.09534479,8,108.0519235,0,red
58:03.7,4,4,22.98343626,4,4,22.98343626,8,117.2094341,0,red
58:03.8,3,3,7.464786349,3,3,7.464786349,8,103.3870669,1,red
58:03.9,4,4,14.41180024,4,4,14.41180024,8,66.15800296,1,red
58:03.9,4,4,20.40428387,4,4,20.40428387,8,70.19446996,0,red
58:04.0,4,4,32.75923344,4,4,32.75923344,8,69.32544201,0,red
58:04.1,4,4,36.32436173,4,4,36.32436173,7,69.82430561,0,red
58:04.1,4,4,56.67947516,4,4,56.67947516,7,63.77993809,0,red
58:04.2,4,4,33.99185766,4,4,33.99185766,7,79.64897374,0,red
58:04.3,4,4,51.15068192,4,4,51.15068192,7,91.37625018,0,red
58:04.4,4,4,59.01654968,4,4,59.01654968,6,115.0647366,0,red
58:04.5,4,4,47.78198745,4,4,47.78198745,6,119.5998995,0,red
58:04.5,5,5,41.25621458,5,5,41.25621458,6,106.8394963,0,red
58:04.6,5,5,45.75406905,5,5,45.75406905,6,124.221617,0,red
58:04.7,5,5,45.87082344,5,5,45.87082344,6,107.4424755,0,red
58:04.8,5,5,54.26366562,5,5,54.26366562,6,129.3559344,0,red
58:04.8,7,7,37.31769875,7,7,37.31769875,6,156.1789152,0,red
58:04.9,7,7,53.27774598,7,7,53.27774598,7,98.66295804,0,red
58:05.0,7,7,62.73743785,7,7,62.73743785,6,73.41199948,0,red
58:05.1,7,7,50.0549825,7,7,50.0549825,6,73.29788199,0,red
58:05.1,7,7,45.12177254,7,7,45.12177254,7,64.85852198,0,red
58:05.2,7,7,64.05874208,7,7,64.05874208,6,92.32354256,0,red
58:05.3,7,7,54.44964006,7,7,54.44964006,7,92.36457406,0,red
58:05.4,7,7,37.73269183,7,7,37.73269183,7,68.59641149,0,red
58:05.5,7,7,71.46765628,7,7,71.46765628,7,94.44623958,0,red
58:05.5,7,7,70.54768475,7,7,70.54768475,7,95.98516632,1,red
58:05.6,7,7,86.95206843,7,7,86.95206843,7,100.2614549,0,red
58:05.7,6,6,67.62483775,6,6,67.62483775,7,103.4291225,0,red
58:05.7,5,5,50.42163675,5,5,50.42163675,6,100.3527485,0,red
58:05.8,4,4,65.64218868,4,4,65.64218868,6,112.1734838,0,red
58:05.9,4,4,65.4178591,4,4,65.4178591,6,113.9065721,0,red
58:06.0,4,4,78.50707908,4,4,78.50707908,7,110.5871237,0,red
58:06.1,4,4,51.97668764,4,4,51.97668764,7,108.6262395,0,red
58:06.1,4,4,56.79835921,4,4,56.79835921,6,133.2117709,0,red
58:06.2,4,4,32.78840822,4,4,32.78840822,6,134.2899296,0,red
58:06.3,4,4,77.65806904,4,4,77.65806904,7,140.1068794,0,red
58:06.4,4,4,56.68964972,4,4,56.68964972,7,134.8270598,0,red
58:06.5,4,4,86.67380847,4,4,86.67380847,7,118.8758756,0,red
58:06.6,4,4,70.54350265,4,4,70.54350265,6,139.0589062,0,red
58:06.7,5,5,27.93799584,5,5,27.93799584,6,198.077801,0,red
58:06.7,4,4,85.34025811,4,4,85.34025811,7,205.6880105,0,red
58:06.8,4,4,64.26617469,4,4,64.26617469,7,172.4394473,1,red
58:06.9,4,4,54.00753224,4,4,54.00753224,9,109.6210475,0,red
58:07.0,4,4,66.99467971,4,4,66.99467971,8,124.1952931,0,red
58:07.1,5,5,96.81376016,5,5,96.81376016,8,113.0969902,0,red
58:07.2,5,5,81.56533864,5,5,81.56533864,6,177.2721481,0,red
58:07.2,5,5,65.26152256,5,5,65.26152256,7,127.0990614,0,red
58:07.3,5,5,87.81997579,5,5,87.81997579,7,139.9957977,0,red
58:07.4,5,5,91.90999751,5,5,91.90999751,6,131.3442254,0,red
58:07.5,5,5,77.40316642,5,5,77.40316642,6,132.9556636,0,red
58:07.5,4,4,136.4938445,4,4,136.4938445,6,125.2598488,0,red
58:07.6,4,4,92.651007,4,4,92.651007,6,160.7677654,0,red
58:07.7,4,4,109.6957394,4,4,109.6957394,5,162.410114,1,red
58:07.8,4,4,110.9835993,4,4,110.9835993,5,153.6593294,1,red
58:07.9,4,4,139.5687917,4,4,139.5687917,6,154.7299513,0,red
58:07.9,5,5,103.4635714,5,5,103.4635714,6,137.6350279,1,red
58:08.0,5,5,124.4614893,5,5,124.4614893,6,177.40875,1,red
58:08.1,5,5,171.2662952,5,5,171.2662952,6,166.1575079,1,red
58:08.2,5,5,150.9083154,5,5,150.9083154,7,123.5006222,1,red
58:08.3,5,5,138.0120939,5,5,138.0120939,8,138.8227418,1,red
58:08.4,5,5,94.70197713,5,5,94.70197713,8,126.2056303,0,red
58:08.5,4,4,25.69885882,4,4,25.69885882,9,177.3402648,1,red
58:08.6,4,4,28.93590941,4,4,28.93590941,7,141.7765721,0,red
58:08.7,4,4,23.77020793,4,4,23.77020793,6,130.3179492,0,red
58:08.8,4,4,22.70693265,4,4,22.70693265,6,116.2726387,1,red
58:08.9,4,4,21.03382555,4,4,21.03382555,6,117.8835049,0,red
58:09.0,4,4,17.34781159,4,4,17.34781159,6,139.3217207,0,red
58:09.1,5,5,65.11901148,5,5,65.11901148,5,121.0484021,1,red
58:09.2,4,4,13.32219843,4,4,13.32219843,6,142.5209716,1,red
58:09.3,4,4,12.35057869,4,4,12.35057869,6,107.2783101,1,red
58:09.4,4,4,25.01975304,4,4,25.01975304,5,67.83240739,0,red
58:09.5,4,4,21.4096169,4,4,21.4096169,4,57.46427578,0,red
58:09.6,4,4,20.53646211,4,4,20.53646211,4,58.37048938,0,red
58:09.7,5,5,15.65199918,5,5,15.65199918,4,60.65711641,1,red
58:09.8,5,5,161.5999277,5,5,161.5999277,5,57.76049714,2,red
58:09.9,5,5,187.5100981,5,5,187.5100981,6,61.08657901,1,red
58:10.0,5,5,204.3463711,5,5,204.3463711,5,23.99034921,3,red
58:10.1,5,5,168.924673,5,5,168.924673,5,45.47173551,0,red
58:10.2,4,4,20.71266325,4,4,20.71266325,6,63.50298771,0,red
58:10.3,4,4,22.28348032,4,4,22.28348032,9,69.66959098,0,red
58:10.4,4,4,21.46035271,4,4,21.46035271,8,46.34673677,1,red
58:10.5,6,6,27.56910881,6,6,27.56910881,9,52.6128244,0,red
58:10.6,7,7,28.45099529,7,7,28.45099529,9,59.87927323,1,red
58:10.7,7,7,56.10707437,7,7,56.10707437,8,47.07618455,1,red
58:10.8,6,6,40.35508503,6,6,40.35508503,8,51.13709598,1,red
58:10.9,6,6,32.50062445,6,6,32.50062445,7,51.59099514,1,red
58:11.0,7,7,42.20640762,7,7,42.20640762,6,82.64421325,1,red
58:11.1,7,7,31.11484496,7,7,31.11484496,7,64.36312987,2,red
58:11.2,7,7,41.81502097,7,7,41.81502097,7,69.875432,1,red
58:11.3,6,6,48.01468208,6,6,48.01468208,7,55.35346043,0,red
58:11.4,7,7,90.6943453,7,7,90.6943453,6,62.53043684,1,red
58:11.5,7,7,52.99671731,7,7,52.99671731,6,103.4394801,1,red
58:11.6,7,7,33.71409506,7,7,33.71409506,5,53.07947926,0,red
58:11.7,7,7,50.39204342,7,7,50.39204342,6,55.9360779,1,red
58:11.8,7,7,24.17435352,7,7,24.17435352,6,50.39779486,0,red
58:11.9,7,7,53.51183457,7,7,53.51183457,7,73.9560753,1,red
58:12.0,7,7,47.39035138,7,7,47.39035138,6,74.14701303,0,red
58:12.1,8,8,74.60017504,8,8,74.60017504,7,72.20204836,0,red
58:12.2,8,8,57.66419449,8,8,57.66419449,7,69.44894039,0,red
58:12.3,9,9,62.86686139,9,9,62.86686139,8,60.26241642,0,red
58:12.4,9,9,59.12899895,9,9,59.12899895,8,53.97767962,0,red
58:12.5,7,7,77.2415602,7,7,77.2415602,8,57.95717589,3,red
58:12.6,7,7,98.80655831,7,7,98.80655831,7,79.08487533,0,red
58:12.7,6,6,67.9626894,6,6,67.9626894,7,88.04137062,0,red
58:12.8,6,6,70.83655825,6,6,70.83655825,7,84.51584974,0,red
58:12.9,6,6,84.45354824,6,6,84.45354824,7,76.10918268,0,red
58:13.0,6,6,83.95431354,6,6,83.95431354,7,83.42946461,0,red
58:13.1,6,6,95.32602088,6,6,95.32602088,8,106.6589614,0,red
58:13.2,6,6,96.45351195,6,6,96.45351195,7,103.7958769,0,red
58:13.3,6,6,96.52385326,6,6,96.52385326,9,118.1070412,0,red
58:13.4,6,6,103.8694991,6,6,103.8694991,10,98.23340943,0,red
58:13.5,7,7,174.5144678,7,7,174.5144678,12,85.32432248,0,red
58:13.5,6,6,89.87461926,6,6,89.87461926,13,65.69101095,1,red
58:13.6,6,6,104.8992281,6,6,104.8992281,12,72.3439037,1,red
58:13.7,7,7,96.35692884,7,7,96.35692884,11,79.03346795,2,red
58:13.8,7,7,86.72088875,7,7,86.72088875,9,89.58742781,1,red
58:13.8,7,7,135.0347369,7,7,135.0347369,9,78.83258935,1,red
58:13.9,7,7,114.104655,7,7,114.104655,9,98.01444527,1,red
58:14.0,7,7,110.0324719,7,7,110.0324719,9,120.2504855,1,red
58:14.1,8,8,131.8009995,8,8,131.8009995,9,110.7553885,0,red
58:14.2,7,7,125.4304814,7,7,125.4304814,10,96.6894968,0,red
58:14.3,7,7,144.2715921,7,7,144.2715921,10,130.893763,1,red
58:14.4,7,7,155.438582,7,7,155.438582,10,140.8891837,2,red
58:14.5,8,8,156.4116165,8,8,156.4116165,9,134.2530904,0,red
58:14.6,8,8,167.4973851,8,8,167.4973851,11,100.9962274,0,red
58:14.7,8,8,134.8179251,8,8,134.8179251,9,115.9262044,0,red
58:14.7,8,8,107.3700392,8,8,107.3700392,9,120.5181701,0,red
58:14.8,7,7,145.9293088,7,7,145.9293088,9,113.5990485,1,red
58:14.9,6,6,63.32086011,6,6,63.32086011,9,126.1586745,0,red
58:15.0,6,6,79.38074713,6,6,79.38074713,10,40.32147073,1,red
58:15.1,6,6,57.33164307,6,6,57.33164307,10,61.92686113,1,red
58:15.2,6,6,57.87196093,6,6,57.87196093,10,34.05989334,1,red
58:15.3,6,6,55.1773393,6,6,55.1773393,9,48.11254953,0,red
58:15.4,7,7,29.40614623,7,7,29.40614623,9,27.90339902,0,red
58:15.5,7,7,56.58723692,7,7,56.58723692,9,36.0231057,1,red
58:15.5,7,7,72.2467847,7,7,72.2467847,11,46.43429015,0,red
58:15.7,7,7,64.65826902,7,7,64.65826902,10,44.73861515,3,red
58:15.8,8,8,35.9158308,8,8,35.9158308,10,53.14016982,0,red
58:15.9,8,8,36.20043523,8,8,36.20043523,10,73.24876557,0,red
58:16.0,9,9,59.27324819,9,9,59.27324819,9,52.31750104,0,red
58:16.1,8,8,50.35734244,8,8,50.35734244,10,36.15430054,2,red
58:16.2,8,8,77.89440167,8,8,77.89440167,10,65.05018383,2,red
58:16.3,8,8,77.76374541,8,8,77.76374541,11,50.18574713,1,red
58:16.4,8,8,73.21004483,8,8,73.21004483,11,35.53285996,1,red
58:16.5,8,8,60.64789878,8,8,60.64789878,11,32.70679281,1,red
58:16.6,8,8,65.73444884,8,8,65.73444884,10,77.73005607,1,red
58:16.7,8,8,47.09652294,8,8,47.09652294,9,34.25977006,0,red
58:16.8,8,8,49.09924451,8,8,49.09924451,10,25.17966266,3,red
58:16.9,7,7,65.94625088,7,7,65.94625088,10,38.87634444,0,red
58:17.0,7,7,60.69299375,7,7,60.69299375,9,40.85835703,1,red
58:17.1,8,8,62.73749878,8,8,62.73749878,9,33.18227401,1,red
58:17.2,10,10,68.84609544,10,10,68.84609544,9,28.74053403,2,red
58:17.3,9,9,85.29396945,9,9,85.29396945,8,54.09951677,0,red
58:17.4,8,8,56.20758353,8,8,56.20758353,8,30.73221106,0,red
58:17.4,8,8,60.46325641,8,8,60.46325641,8,20.09281513,1,red
58:17.5,7,7,38.9085902,7,7,38.9085902,8,20.96778928,1,red
58:17.6,8,8,31.09854653,8,8,31.09854653,9,34.08286463,1,red
58:17.7,6,6,55.25223841,6,6,55.25223841,9,29.38061051,1,red
58:17.7,6,6,48.45088657,6,6,48.45088657,10,41.02967933,1,red
58:17.8,6,6,63.91996211,6,6,63.91996211,10,20.80657923,2,red
58:17.9,6,6,61.2036773,6,6,61.2036773,10,29.46267082,3,red
58:18.0,6,6,82.40125341,6,6,82.40125341,9,32.90523102,2,red
58:18.1,7,7,69.74796502,7,7,69.74796502,9,22.26776434,1,red
58:18.1,8,8,55.07728959,8,8,55.07728959,9,19.01751732,2,red
58:18.2,8,8,71.81144937,8,8,71.81144937,10,32.91848846,1,red
58:18.3,7,7,72.15594001,7,7,72.15594001,11,56.45445392,1,red
58:18.4,7,7,59.26569996,7,7,59.26569996,10,24.27178005,1,red
58:18.5,7,7,58.59739172,7,7,58.59739172,11,22.37091874,1,red
58:18.5,7,7,109.336065,7,7,109.336065,10,31.64986536,2,red
58:18.6,7,7,50.65777647,7,7,50.65777647,9,25.30750242,2,red
58:18.7,7,7,91.25442465,7,7,91.25442465,9,21.59363158,1,red
58:18.8,8,8,72.1826624,8,8,72.1826624,9,20.35768054,1,red
58:18.9,8,8,52.59045444,8,8,52.59045444,9,22.89718989,0,red
58:18.9,9,9,43.82624795,9,9,43.82624795,11,17.04857622,1,red
58:19.0,8,8,111.5545948,8,8,111.5545948,11,32.43807838,2,red
58:19.1,8,8,47.83691585,8,8,47.83691585,12,33.07220123,1,red
58:19.2,9,9,71.76500716,9,9,71.76500716,11,25.65194357,1,red
58:19.3,9,9,81.25474225,9,9,81.25474225,10,23.01224165,1,red
58:19.4,9,9,79.98815273,9,9,79.98815273,10,17.62451949,1,red
58:19.5,8,8,70.42022913,8,8,70.42022913,11,19.56682958,1,red
58:19.5,8,8,70.51504658,8,8,70.51504658,10,40.03194454,1,red
58:19.6,8,8,51.50378309,8,8,51.50378309,9,35.01194329,0,red
58:19.7,8,8,52.26829151,8,8,52.26829151,9,44.84545262,0,red
58:19.8,9,9,60.83552765,9,9,60.83552765,9,27.02493942,1,red
58:19.9,8,8,60.29560764,8,8,60.29560764,9,39.58817715,0,red
58:20.0,7,7,32.93710475,7,7,32.93710475,9,50.72935626,0,red
58:20.0,7,7,37.28593786,7,7,37.28593786,10,27.53984086,1,red
58:20.1,7,7,39.97675625,7,7,39.97675625,8,35.97034195,1,red
58:20.2,9,9,51.10783736,9,9,51.10783736,8,43.73975077,0,red
58:20.2,10,10,81.29619724,10,10,81.29619724,7,66.10505397,0,red
58:20.3,9,9,47.2384033,9,9,47.2384033,7,31.62538892,0,red
58:20.4,9,9,60.10515092,9,9,60.10515092,8,57.56156353,0,red
58:20.5,8,8,28.55063287,8,8,28.55063287,10,80.25023086,0,red
58:20.6,8,8,53.93599039,8,8,53.93599039,8,48.3110997,1,red
58:20.7,8,8,97.38712416,8,8,97.38712416,8,51.63206856,0,red
58:20.7,8,8,52.28066746,8,8,52.28066746,8,45.31740165,0,red
58:20.8,8,8,79.35491104,8,8,79.35491104,8,54.59015807,0,red
58:20.9,6,6,95.81066166,6,6,95.81066166,8,63.53214819,0,red
58:20.9,6,6,66.99628119,6,6,66.99628119,7,81.46353452,0,red
58:21.0,6,6,85.01122928,6,6,85.01122928,8,47.07549321,0,red
58:21.1,6,6,71.33044254,6,6,71.33044254,8,56.58852575,0,red
58:21.2,6,6,71.20474704,6,6,71.20474704,9,72.87528952,0,red
58:21.3,7,7,74.20923385,7,7,74.20923385,10,42.82733591,0,red
58:21.4,7,7,44.78843122,7,7,44.78843122,10,59.25550756,0,red
58:21.4,7,7,37.47315303,7,7,37.47315303,12,64.34708182,0,red
58:21.5,7,7,51.74974789,7,7,51.74974789,11,72.14469119,1,red
58:21.6,7,7,40.84258977,7,7,40.84258977,11,57.27948312,1,red
58:21.7,7,7,45.599268,7,7,45.599268,10,18.82090127,1,red
58:21.8,7,7,48.70725437,7,7,48.70725437,10,46.32377052,1,red
58:21.9,7,7,57.1351729,7,7,57.1351729,10,44.28852061,2,red
58:22.0,8,8,71.33480621,8,8,71.33480621,10,45.60581462,0,red
58:22.1,8,8,73.59674543,8,8,73.59674543,9,36.98302526,1,red
58:22.2,8,8,61.83614578,8,8,61.83614578,8,28.87078011,2,red
58:22.3,8,8,68.81076884,8,8,68.81076884,8,28.06153515,0,red
58:22.4,8,8,63.15055168,8,8,63.15055168,7,27.41285372,0,red
58:22.5,9,9,49.46312691,9,9,49.46312691,7,33.20298651,0,red
58:22.6,8,8,64.84886043,8,8,64.84886043,7,36.47697676,1,red
58:22.7,7,7,53.11309689,7,7,53.11309689,8,21.21789055,1,red
58:22.7,7,7,73.84564575,7,7,73.84564575,8,45.62983289,1,red
58:22.8,8,8,40.03068358,8,8,40.03068358,8,27.32157424,1,red
58:22.9,7,7,45.58487771,7,7,45.58487771,9,42.70997087,0,red
58:23.0,7,7,32.19816626,7,7,32.19816626,9,32.94100405,0,red
58:23.1,7,7,54.50538586,7,7,54.50538586,10,26.37891301,2,red
58:23.2,7,7,44.7619013,7,7,44.7619013,11,26.43836395,2,red
58:23.3,7,7,55.53104923,7,7,55.53104923,9,29.99626026,0,red
58:23.3,7,7,68.1829184,7,7,68.1829184,9,63.85755205,0,red
58:23.4,8,8,70.63284075,8,8,70.63284075,8,43.57048245,1,red
58:23.5,6,6,71.8719037,6,6,71.8719037,10,39.43703429,0,red
58:23.6,6,6,71.49079778,6,6,71.49079778,11,43.40766956,0,red
58:23.7,6,6,57.53734052,6,6,57.53734052,8,53.43399657,0,red
58:23.8,6,6,65.73373198,6,6,65.73373198,9,42.75435802,0,red
58:23.8,6,6,54.85329111,6,6,54.85329111,9,69.53699985,0,red
58:23.9,6,6,43.60358176,6,6,43.60358176,11,43.44548064,0,red
58:24.0,6,6,34.02568643,6,6,34.02568643,8,63.31326684,0,red
58:24.1,6,6,42.60159234,6,6,42.60159234,9,44.15806414,0,red
58:24.2,6,6,46.40424102,6,6,46.40424102,11,67.95421148,0,red
58:24.3,6,6,27.67857994,6,6,27.67857994,11,63.19867353,0,red
58:24.4,6,6,43.19859138,6,6,43.19859138,11,71.83897606,1,red
58:24.4,6,6,60.65119508,6,6,60.65119508,10,72.06614656,0,red
58:24.5,6,6,40.64411093,6,6,40.64411093,8,86.5025453,0,red
58:24.7,6,6,55.02217316,6,6,55.02217316,9,90.39491226,1,red
58:24.7,6,6,48.48752264,6,6,48.48752264,10,69.37572113,1,red
58:24.8,6,6,71.67490026,6,6,71.67490026,10,34.66882291,0,red
58:24.9,6,6,57.43237026,6,6,57.43237026,10,46.65726206,0,red
58:25.0,6,6,61.35280284,6,6,61.35280284,10,74.6855861,0,red
58:25.1,6,6,50.16697539,6,6,50.16697539,9,42.28566678,0,red
58:25.2,6,6,56.86147743,6,6,56.86147743,9,84.22271816,0,red
58:25.2,6,6,69.96101755,6,6,69.96101755,7,44.29467699,1,red
58:25.3,6,6,71.1198109,6,6,71.1198109,7,53.01789625,0,red
58:25.4,6,6,59.30999179,6,6,59.30999179,8,44.86958894,0,red
58:25.5,6,6,52.22403647,6,6,52.22403647,8,41.58951205,1,red
58:25.6,6,6,39.14804052,6,6,39.14804052,10,75.10380931,0,red
58:25.6,7,7,47.98660293,7,7,47.98660293,8,72.97283325,0,red
58:25.7,7,7,52.63807902,7,7,52.63807902,9,68.48483227,0,red
58:25.8,6,6,60.30523722,6,6,60.30523722,9,72.05884304,0,red
58:25.9,6,6,43.03652002,6,6,43.03652002,9,63.66997507,0,red
58:26.0,6,6,61.3973281,6,6,61.3973281,10,76.58380708,0,red
58:26.0,6,6,44.39006573,6,6,44.39006573,10,75.08681029,0,red
58:26.1,6,6,42.58967693,6,6,42.58967693,10,58.50115702,0,red
58:26.2,6,6,44.58546808,6,6,44.58546808,9,49.4302642,0,red
58:26.3,6,6,55.83888013,6,6,55.83888013,9,48.06045219,0,red
58:26.4,6,6,44.06389662,6,6,44.06389662,9,60.23867963,0,red
58:26.5,6,6,52.97162515,6,6,52.97162515,10,83.90221312,0,red
58:26.6,6,6,40.50434274,6,6,40.50434274,9,55.82003682,1,red
58:26.7,6,6,40.57116865,6,6,40.57116865,10,64.58527151,1,red
58:26.8,5,5,28.79737763,5,5,28.79737763,10,54.34011883,0,red
58:26.8,5,5,59.5198352,5,5,59.5198352,11,80.63600874,0,red
58:26.9,4,4,37.64462972,4,4,37.64462972,11,55.76337861,3,red
58:27.0,5,5,51.55779249,5,5,51.55779249,11,70.61024195,1,red
58:27.1,5,5,50.46345904,5,5,50.46345904,11,71.21612753,0,green
58:27.2,5,5,44.96696465,5,5,44.96696465,11,68.46679608,0,green
58:27.3,5,5,33.8381798,5,5,33.8381798,11,103.0297859,0,green
58:27.3,4,4,50.8915635,4,4,50.8915635,11,92.83255575,0,green
58:27.4,4,4,53.4990638,4,4,53.4990638,10,84.28246197,0,green
58:27.5,4,4,64.32914283,4,4,64.32914283,10,74.00184803,0,green
58:27.6,4,4,49.2755441,4,4,49.2755441,10,69.98021046,0,green
58:27.7,4,4,34.69942014,4,4,34.69942014,10,83.64106513,0,green
58:27.7,5,5,46.68951785,5,5,46.68951785,8,134.935128,0,green
58:27.8,5,5,81.79688958,5,5,81.79688958,9,98.37480684,0,green
58:27.9,5,5,116.2588873,5,5,116.2588873,9,80.25868943,1,green
58:28.0,5,5,121.4505735,5,5,121.4505735,8,95.22166461,0,green
58:28.0,5,5,122.3768437,5,5,122.3768437,6,126.0852781,0,green
58:28.1,5,5,131.3281342,5,5,131.3281342,7,117.3519748,0,green
58:28.2,5,5,134.1057254,5,5,134.1057254,7,110.7255397,0,green
58:28.3,5,5,157.4943992,5,5,157.4943992,7,144.3184948,0,green
58:28.4,5,5,165.4902985,5,5,165.4902985,7,154.8282277,0,green
58:28.4,5,5,264.3604093,5,5,264.3604093,7,144.1262887,0,green
58:28.5,2,2,351.1209783,2,2,351.1209783,7,135.9300522,0,green
58:28.6,3,3,271.7206897,3,3,271.7206897,7,113.6855314,0,green
58:28.7,3,3,335.3085062,3,3,335.3085062,8,123.2676733,0,green
58:28.7,3,3,89.43288438,3,3,89.43288438,7,71.92642051,0,green
58:28.8,3,3,102.4449663,3,3,102.4449663,8,80.11328631,0,green
58:28.9,3,3,47.64726614,3,3,47.64726614,9,76.6019591,0,green
58:29.0,3,3,45.63159375,3,3,45.63159375,9,55.65810388,0,green
58:29.1,3,3,26.42687596,3,3,26.42687596,10,60.9655304,0,green
58:29.2,3,3,51.7267469,3,3,51.7267469,10,81.23159748,0,green
58:29.3,4,4,46.18418204,4,4,46.18418204,10,74.96511442,0,green
58:29.4,4,4,34.74349923,4,4,34.74349923,11,80.49222032,0,green
58:29.5,4,4,15.9057735,4,4,15.9057735,9,69.82039968,0,green
58:29.6,4,4,25.01261154,4,4,25.01261154,7,103.8716197,1,green
58:29.7,4,4,14.20618725,4,4,14.20618725,7,122.4306511,0,green
58:29.8,4,4,29.28512103,4,4,29.28512103,6,152.8355937,0,green
58:29.9,4,4,41.14170493,4,4,41.14170493,9,111.3385362,0,green
58:30.0,4,4,47.34084233,4,4,47.34084233,9,112.1943486,0,green
58:30.1,3,3,110.429011,3,3,110.429011,9,146.0561326,0,green
58:30.2,2,2,14.70192545,2,2,14.70192545,9,105.2195283,0,green
58:30.3,2,2,10.67451489,2,2,10.67451489,10,85.4015916,1,green
58:30.3,2,2,8.767578324,2,2,8.767578324,8,75.09202273,1,green
58:30.4,2,2,18.13472619,2,2,18.13472619,8,84.29634085,0,green
58:30.5,1,1,30.43776195,1,1,30.43776195,8,94.4259863,0,green
58:30.6,1,1,12.20416444,1,1,12.20416444,8,117.808074,0,green
58:30.7,1,1,12.40122957,1,1,12.40122957,8,101.0453451,0,green
58:30.7,1,1,5.547454974,1,1,5.547454974,8,111.4532987,0,green
58:30.8,1,1,8.702345573,1,1,8.702345573,8,101.1013564,0,green
58:30.9,1,1,9.153818498,1,1,9.153818498,8,117.7434419,0,green
58:31.0,3,3,149.9973908,3,3,149.9973908,7,74.19155718,0,green
58:31.0,2,2,7.272428294,2,2,7.272428294,7,99.86739085,0,green
58:31.1,2,2,13.90199487,2,2,13.90199487,7,86.85517143,0,green
58:31.2,2,2,41.47678914,2,2,41.47678914,7,86.27465974,0,green
58:31.3,2,2,32.4815174,2,2,32.4815174,7,73.13279805,1,green
58:31.3,3,3,34.59197674,3,3,34.59197674,7,75.40681758,0,green
58:31.4,3,3,31.52204185,3,3,31.52204185,8,86.43258169,0,green
58:31.5,3,3,30.92207184,3,3,30.92207184,8,76.48319613,0,green
58:31.6,2,2,30.93731933,2,2,30.93731933,8,73.55943494,0,green
58:31.7,3,3,23.98565882,3,3,23.98565882,8,72.25961978,2,green
58:31.7,3,3,34.66190044,3,3,34.66190044,7,84.92576782,0,green
58:31.8,2,2,14.75729929,2,2,14.75729929,8,74.22753627,0,green
58:31.9,2,2,14.37694847,2,2,14.37694847,7,85.87222935,0,green
58:32.0,2,2,14.7400643,2,2,14.7400643,6,69.16148113,0,green
58:32.0,2,2,16.29902681,2,2,16.29902681,6,74.3800067,1,green
58:32.1,2,2,27.58733876,2,2,27.58733876,6,87.71480079,0,green
58:32.2,2,2,21.75172412,2,2,21.75172412,6,62.17577296,0,green
58:32.3,2,2,19.74431154,2,2,19.74431154,6,71.906141,1,green
58:32.4,2,2,15.33080395,2,2,15.33080395,7,76.004715,0,green
58:32.5,2,2,10.2204229,2,2,10.2204229,8,86.10854529,0,green
58:32.5,2,2,10.33999329,2,2,10.33999329,9,71.14991501,0,green
58:32.6,2,2,12.48300223,2,2,12.48300223,9,80.88222082,0,green
58:32.7,2,2,14.82712576,2,2,14.82712576,10,79.70378941,0,green
58:32.8,2,2,11.72997768,2,2,11.72997768,12,85.26867337,0,green
58:32.9,2,2,9.546986458,2,2,9.546986458,10,90.94395091,0,green
58:33.0,2,2,6.030066435,2,2,6.030066435,9,63.63072137,0,green
58:33.1,2,2,10.09934825,2,2,10.09934825,10,79.08085296,1,green
58:33.2,2,2,5.430737116,2,2,5.430737116,12,37.50817107,1,green
58:33.3,3,3,0.57680437,3,3,0.57680437,8,47.13647433,1,green
58:33.4,3,3,13.15594021,3,3,13.15594021,9,56.6758924,1,green
58:33.5,3,3,6.931064654,3,3,6.931064654,9,74.53388129,1,green
58:33.5,3,3,14.6507922,3,3,14.6507922,10,96.18805825,0,green
58:33.6,3,3,11.43388459,3,3,11.43388459,10,52.59414643,0,green
58:33.7,3,3,7.308293153,3,3,7.308293153,9,77.42534898,2,green
58:33.8,3,3,11.55667544,3,3,11.55667544,7,80.64228066,1,green
58:33.9,3,3,3.970033676,3,3,3.970033676,7,67.64692893,1,green
58:33.9,3,3,4.795367552,3,3,4.795367552,8,95.04237702,1,green
58:34.0,3,3,11.13779543,3,3,11.13779543,7,58.53471887,1,green
58:34.1,3,3,9.12693855,3,3,9.12693855,9,62.71074731,1,green
58:34.2,3,3,9.829503296,3,3,9.829503296,8,92.76656366,1,green
58:34.3,3,3,16.70685188,3,3,16.70685188,9,69.58071935,0,green
58:34.4,3,3,11.4317007,3,3,11.4317007,9,78.86447605,0,green
58:34.5,3,3,36.16812445,3,3,36.16812445,9,64.27230681,1,green
58:34.6,3,3,25.28582178,3,3,25.28582178,9,83.74077827,0,green
58:34.7,3,3,28.37474101,3,3,28.37474101,9,98.00105272,2,green
58:34.8,3,3,34.4154022,3,3,34.4154022,9,74.05922931,0,green
58:34.9,3,3,18.57086616,3,3,18.57086616,9,72.5985581,0,green
58:35.0,3,3,31.75899566,3,3,31.75899566,5,117.7247637,0,green
58:35.1,4,4,52.49873438,4,4,52.49873438,5,89.25868712,0,green
58:35.2,3,3,15.24373506,3,3,15.24373506,6,74.72044407,0,green
58:35.3,3,3,11.92172198,3,3,11.92172198,8,87.17621906,0,green
58:35.4,3,3,32.12039645,3,3,32.12039645,6,66.4542172,0,green
58:35.5,3,3,17.36974551,3,3,17.36974551,7,95.59560879,0,green
58:35.5,3,3,9.568047656,3,3,9.568047656,7,87.59422526,1,green
58:35.6,3,3,6.463778567,3,3,6.463778567,8,85.41936122,0,green
58:35.7,3,3,15.11220802,3,3,15.11220802,8,93.80248914,0,green
58:35.8,3,3,13.46959632,3,3,13.46959632,8,85.53146116,0,green
58:35.9,3,3,11.48866486,3,3,11.48866486,8,93.30388498,0,green
58:36.0,3,3,7.507794648,3,3,7.507794648,9,142.1755044,0,green
58:36.1,4,4,11.16970532,4,4,11.16970532,7,85.99407992,0,green
58:36.1,4,4,25.07899251,4,4,25.07899251,8,136.6386007,0,green
58:36.2,3,3,51.30124896,3,3,51.30124896,7,120.7466169,0,green
58:36.3,3,3,21.03651917,3,3,21.03651917,7,225.0364188,0,green
58:36.4,3,3,43.41317934,3,3,43.41317934,8,288.3055547,0,green
58:36.5,3,3,51.95338779,3,3,51.95338779,7,150.4622417,0,green
58:36.5,3,3,41.92365408,3,3,41.92365408,6,145.7597765,0,green
58:36.6,3,3,48.58915702,3,3,48.58915702,7,145.1086091,0,green
58:36.7,3,3,46.97085648,3,3,46.97085648,8,161.1280213,0,green
58:36.8,3,3,44.34262313,3,3,44.34262313,7,190.6132021,0,green
58:36.9,3,3,43.27978846,3,3,43.27978846,7,160.0278898,0,green
58:36.9,3,3,60.88730808,3,3,60.88730808,6,118.9035735,0,green
58:37.0,3,3,51.63680546,3,3,51.63680546,7,78.80095133,0,green
58:37.1,3,3,37.07984343,3,3,37.07984343,8,80.72482289,0,green
58:37.1,3,3,73.45319829,3,3,73.45319829,7,103.4467978,0,green
58:37.2,3,3,53.99482011,3,3,53.99482011,7,103.5000952,0,green
58:37.3,3,3,61.0934883,3,3,61.0934883,7,86.97605353,0,green
58:37.4,3,3,54.61485112,3,3,54.61485112,8,72.82551131,0,green
58:37.4,3,3,42.19237652,3,3,42.19237652,8,88.93274242,0,green
58:37.5,3,3,77.69430863,3,3,77.69430863,7,84.31115978,0,green
58:37.6,3,3,60.92328824,3,3,60.92328824,8,76.65987598,0,green
58:37.7,3,3,74.34223292,3,3,74.34223292,7,90.40133291,0,green
58:37.8,3,3,66.26946369,3,3,66.26946369,7,102.2141066,0,green
58:37.9,3,3,98.80595305,3,3,98.80595305,8,98.42455233,0,green
58:38.0,4,4,51.4372192,4,4,51.4372192,8,94.69232493,1,green
58:38.1,4,4,54.14171294,4,4,54.14171294,8,114.2645757,0,green
58:38.2,4,4,67.70731837,4,4,67.70731837,7,89.39877562,0,green
58:38.3,4,4,81.94970374,4,4,81.94970374,7,79.92499984,0,green
58:38.4,4,4,74.12151166,4,4,74.12151166,7,73.94717928,0,green
58:38.5,4,4,65.11856281,4,4,65.11856281,6,81.18998796,0,green
58:38.6,4,4,74.96355367,4,4,74.96355367,6,116.1049709,0,green
58:38.7,4,4,95.7153532,4,4,95.7153532,6,126.1814618,0,green
58:38.8,4,4,68.58465087,4,4,68.58465087,6,112.8186638,0,green
58:38.9,4,4,84.67349299,4,4,84.67349299,6,99.74692825,0,green
58:39.0,4,4,90.23982723,4,4,90.23982723,5,135.0347067,0,green
58:39.1,4,4,91.49626834,4,4,91.49626834,5,139.2599847,0,green
58:39.2,4,4,126.8840845,4,4,126.8840845,7,119.0573794,0,green
58:39.3,4,4,110.1101959,4,4,110.1101959,7,112.7252138,2,green
58:39.4,4,4,80.15708777,4,4,80.15708777,8,103.7441189,0,green
58:39.5,3,3,159.5495573,3,3,159.5495573,8,124.3968836,0,green
58:39.6,2,2,229.5037509,2,2,229.5037509,7,143.4646931,0,green
58:39.7,3,3,135.7759258,3,3,135.7759258,8,183.1602916,0,green
58:39.8,3,3,161.9176379,3,3,161.9176379,7,165.6645934,0,green
58:39.9,3,3,186.0093202,3,3,186.0093202,6,192.1517152,0,green
58:40.0,3,3,227.8886765,3,3,227.8886765,6,148.850432,0,green
58:40.1,3,3,214.0511019,3,3,214.0511019,6,119.431764,0,green
58:40.2,3,3,184.543365,3,3,184.543365,8,167.6679234,0,green
58:40.3,3,3,88.48486653,3,3,88.48486653,9,105.4725315,0,green
58:40.3,2,2,24.68981217,2,2,24.68981217,7,111.3832215,0,green
58:40.4,2,2,35.53972458,2,2,35.53972458,7,84.04659891,0,green
58:40.5,2,2,24.27584209,2,2,24.27584209,7,66.81991307,1,green
58:40.6,2,2,109.1416716,2,2,109.1416716,7,71.675511,2,green
58:40.7,2,2,17.36329546,2,2,17.36329546,6,97.39918812,0,green
58:40.7,2,2,72.8032618,2,2,72.8032618,6,119.159191,0,green
58:40.8,2,2,45.57933452,2,2,45.57933452,7,90.56339889,0,green
58:40.9,2,2,66.9901325,2,2,66.9901325,5,69.02673505,0,green
58:41.0,2,2,48.4316011,2,2,48.4316011,6,85.99972046,0,green
58:41.0,2,2,22.60643026,2,2,22.60643026,6,64.03872947,0,green
58:41.1,2,2,38.43907097,2,2,38.43907097,6,83.10997925,0,green
58:41.2,2,2,14.04892808,2,2,14.04892808,6,55.92672286,0,green
58:41.3,2,2,34.0286872,2,2,34.0286872,4,81.97876946,0,green
58:41.3,2,2,41.65087423,2,2,41.65087423,4,64.26113102,0,green
58:41.4,2,2,63.78494176,2,2,63.78494176,4,70.90319948,0,green
58:41.5,2,2,46.32137361,2,2,46.32137361,4,85.0023425,0,green
58:41.6,2,2,44.2135431,2,2,44.2135431,5,81.97454068,0,green
58:41.6,2,2,58.06153219,2,2,58.06153219,6,74.76544135,0,green
58:41.7,2,2,66.90250208,2,2,66.90250208,6,47.50900299,0,green
58:41.8,2,2,32.19181474,2,2,32.19181474,7,65.42248187,0,green
58:41.9,2,2,47.5097007,2,2,47.5097007,6,91.55408572,0,green
58:42.0,2,2,48.05762267,2,2,48.05762267,6,115.0827321,0,green
58:42.1,2,2,97.42078833,2,2,97.42078833,7,106.469229,0,green
58:42.1,2,2,88.09367868,2,2,88.09367868,7,80.54231634,1,green
58:42.2,2,2,46.17228549,2,2,46.17228549,7,69.35240103,2,green
58:42.3,2,2,34.57902629,2,2,34.57902629,7,85.45099994,0,green
58:42.4,2,2,50.17795298,2,2,50.17795298,8,101.8158394,0,green
58:42.5,2,2,94.27169257,2,2,94.27169257,9,132.1321112,0,green
58:42.6,2,2,71.74965201,2,2,71.74965201,9,172.7066501,0,green
58:42.7,2,2,93.76197684,2,2,93.76197684,7,81.95959049,0,green
58:42.8,2,2,87.03066453,2,2,87.03066453,8,116.2280049,1,green
58:42.9,2,2,83.07788433,2,2,83.07788433,8,96.54162436,1,green
58:43.0,2,2,56.37914371,2,2,56.37914371,9,80.08432611,1,green
58:43.1,2,2,105.6066965,2,2,105.6066965,10,83.36679761,1,green
58:43.2,2,2,109.1902647,2,2,109.1902647,9,72.26408394,1,green
58:43.3,2,2,77.78378528,2,2,77.78378528,10,82.03843587,0,green
58:43.4,2,2,139.3640743,2,2,139.3640743,9,82.99570785,0,green
58:43.5,2,2,129.7370031,2,2,129.7370031,9,102.9636259,0,green
58:43.6,2,2,120.2542311,2,2,120.2542311,9,122.2729631,2,green
58:43.7,2,2,89.35963697,2,2,89.35963697,10,100.2254493,1,green
58:43.7,2,2,108.4895503,2,2,108.4895503,10,116.7332463,2,green
58:43.8,2,2,163.0188277,2,2,163.0188277,8,84.39370929,1,green
58:43.9,2,2,163.7607647,2,2,163.7607647,9,79.34468486,1,green
58:44.0,2,2,142.3161965,2,2,142.3161965,9,60.3229663,0,green
58:44.1,2,2,152.123181,2,2,152.123181,8,91.90030663,1,green
58:44.2,2,2,210.344135,2,2,210.344135,9,81.84826802,0,green
58:44.2,2,2,228.2033696,2,2,228.2033696,9,94.92891067,1,green
58:44.3,2,2,197.6425221,2,2,197.6425221,8,105.343827,0,green
58:44.4,2,2,285.6760911,2,2,285.6760911,9,112.1348021,0,green
58:44.5,2,2,320.5781299,2,2,320.5781299,8,82.61849085,1,green
58:44.5,3,3,309.544996,3,3,309.544996,7,128.0270083,0,green
58:44.6,3,3,383.6379174,3,3,383.6379174,9,167.09743,0,green
58:44.7,3,3,445.2512404,3,3,445.2512404,10,146.2294368,0,green
58:44.8,3,3,501.8425411,3,3,501.8425411,10,151.4489136,0,green
58:44.8,3,3,546.4139919,3,3,546.4139919,9,155.3549119,0,green
58:44.9,3,3,608.4724746,3,3,608.4724746,9,139.8668218,0,green
58:45.0,3,3,686.6959522,3,3,686.6959522,8,149.3573005,1,green
58:45.1,3,3,628.6066517,3,3,628.6066517,6,82.31413935,0,green
58:45.1,2,2,585.8573834,2,2,585.8573834,7,104.0161384,0,green
58:45.2,2,2,367.4200251,2,2,367.4200251,6,107.8010857,1,green
58:45.3,1,1,21.09747301,1,1,21.09747301,6,117.0053727,0,green
58:45.4,1,1,19.27463924,1,1,19.27463924,8,88.11527303,1,green
58:45.5,1,1,23.50126728,1,1,23.50126728,9,100.2995374,0,green
58:45.5,1,1,26.23119251,1,1,26.23119251,8,118.2691346,0,green
58:45.6,1,1,31.65386675,1,1,31.65386675,7,98.92547552,1,green
58:45.7,1,1,3.219932094,1,1,3.219932094,5,64.04831962,1,green
58:45.8,1,1,9.600007129,1,1,9.600007129,6,72.93151503,0,green
58:45.9,1,1,18.97518825,1,1,18.97518825,6,64.97591879,0,green
58:45.9,2,2,100.2841751,2,2,100.2841751,6,77.51045935,0,green
58:46.0,1,1,42.61654752,1,1,42.61654752,6,73.49577059,1,green
58:46.1,1,1,16.9756076,1,1,16.9756076,7,76.348874,0,green
58:46.2,2,2,4.986932472,2,2,4.986932472,7,81.05495009,0,green
58:46.3,2,2,4.536395807,2,2,4.536395807,6,76.56907392,0,green
58:46.3,2,2,9.833522024,2,2,9.833522024,6,69.96729925,1,green
58:46.4,2,2,17.16075092,2,2,17.16075092,7,100.4744681,0,green
58:46.5,2,2,29.82809607,2,2,29.82809607,7,103.4259189,0,green
58:46.6,2,2,22.26036914,2,2,22.26036914,6,94.78464721,0,green
58:46.6,1,1,13.69447227,1,1,13.69447227,6,125.487752,0,green
58:46.7,1,1,23.19852505,1,1,23.19852505,6,48.2950853,0,green
58:46.8,1,1,16.29324318,1,1,16.29324318,7,34.1589393,0,green
58:46.9,1,1,10.05823985,1,1,10.05823985,6,57.20951348,0,green
58:46.9,1,1,20.81228707,1,1,20.81228707,6,80.17322333,0,green
58:47.0,1,1,12.16432588,1,1,12.16432588,8,44.15057152,0,green
58:47.1,1,1,9.255660989,1,1,9.255660989,7,43.09978638,0,green
58:47.2,1,1,12.61972721,1,1,12.61972721,8,34.69096381,2,green
58:47.2,1,1,25.67827138,1,1,25.67827138,7,39.19496426,0,green
58:47.3,1,1,14.76207359,1,1,14.76207359,7,40.71888511,1,green
58:47.4,1,1,25.94066443,1,1,25.94066443,8,25.07243323,1,green
58:47.5,1,1,21.39330983,1,1,21.39330983,9,39.56424445,1,green
58:47.6,1,1,12.52800056,1,1,12.52800056,9,28.46420834,2,green
58:47.6,1,1,14.63759608,1,1,14.63759608,8,41.30250196,0,green
58:47.7,1,1,25.03316217,1,1,25.03316217,6,31.74055663,1,green
58:47.8,1,1,21.83640811,1,1,21.83640811,5,51.58779155,1,green
58:47.9,1,1,6.488441281,1,1,6.488441281,5,42.95596298,1,green
58:47.9,1,1,5.751846921,1,1,5.751846921,7,47.9620705,1,green
58:48.0,1,1,3.739998676,1,1,3.739998676,7,46.44942281,1,green
58:48.1,2,2,10.5204491,2,2,10.5204491,7,32.61153715,0,green
58:48.2,2,2,36.93806034,2,2,36.93806034,8,64.43285884,1,green
58:48.3,2,2,22.20665971,2,2,22.20665971,8,57.51637129,0,green
58:48.4,2,2,14.64671634,2,2,14.64671634,9,75.9248614,1,green
58:48.4,2,2,16.29532471,2,2,16.29532471,9,66.20841663,2,green
58:48.5,2,2,30.72058612,2,2,30.72058612,9,63.893532,0,green
58:48.6,2,2,16.10452218,2,2,16.10452218,9,76.64639637,0,green
58:48.7,2,2,14.75570398,2,2,14.75570398,9,68.4457858,2,green
58:48.7,2,2,23.32619686,2,2,23.32619686,10,78.99306013,1,green
58:48.8,2,2,33.34269865,2,2,33.34269865,9,62.89096968,1,green
58:48.9,3,3,23.34580894,3,3,23.34580894,9,68.59941706,0,green
58:49.0,3,3,83.39990372,3,3,83.39990372,9,85.987794,1,green
58:49.1,4,4,291.4428887,4,4,291.4428887,8,63.58339351,1,green
58:49.1,4,4,356.7168468,4,4,356.7168468,8,62.24871941,0,green
58:49.2,3,3,111.8584788,3,3,111.8584788,8,59.95313496,1,green
58:49.3,3,3,49.20535095,3,3,49.20535095,9,66.7645612,1,green
58:49.3,3,3,53.03104304,3,3,53.03104304,8,63.7538528,0,green
58:49.4,4,4,31.47096186,4,4,31.47096186,7,64.53135217,0,green
58:49.5,6,6,50.19696991,6,6,50.19696991,8,79.94946936,1,green
58:49.6,6,6,138.889914,6,6,138.889914,9,65.32144707,2,green
58:49.7,6,6,62.75352248,6,6,62.75352248,7,66.99815468,1,green
58:49.8,7,7,99.71160191,7,7,99.71160191,7,74.56239749,0,green
58:49.8,6,6,56.94355108,6,6,56.94355108,8,80.23103749,1,green
58:49.9,6,6,58.84135319,6,6,58.84135319,7,58.09778921,0,green
58:50.0,5,5,40.557667,5,5,40.557667,6,53.11846149,0,green
58:50.1,5,5,49.52718961,5,5,49.52718961,7,40.31393303,0,green
58:50.2,5,5,164.2993471,5,5,164.2993471,7,52.41942695,2,green
58:50.3,5,5,111.2921458,5,5,111.2921458,8,46.63769864,1,green
58:50.4,6,6,115.1824079,6,6,115.1824079,9,60.93357308,0,green
58:50.5,6,6,137.7665418,6,6,137.7665418,7,40.32863744,2,green
58:50.6,6,6,138.7092461,6,6,138.7092461,7,34.30222317,2,green
58:50.7,3,3,44.28256764,3,3,44.28256764,7,29.84150315,1,green
58:50.8,3,3,29.55333262,3,3,29.55333262,7,47.41533174,0,green
58:50.8,3,3,65.49333295,3,3,65.49333295,7,51.08455908,0,green
58:50.9,3,3,36.0292926,3,3,36.0292926,7,44.63533039,0,green
58:51.0,3,3,21.47596791,3,3,21.47596791,7,48.40205957,0,green
58:51.1,3,3,39.21304866,3,3,39.21304866,7,40.75703298,1,green
58:51.2,3,3,29.06417383,3,3,29.06417383,6,45.67799733,2,green
58:51.2,3,3,90.22154313,3,3,90.22154313,6,48.10351694,0,green
58:51.3,3,3,41.02703113,3,3,41.02703113,7,50.1454369,0,green
58:51.4,3,3,29.90867826,3,3,29.90867826,7,60.48607072,1,green
58:51.5,3,3,18.47412833,3,3,18.47412833,7,51.16785126,0,green
58:51.5,3,3,16.85925754,3,3,16.85925754,7,65.72400869,1,green
58:51.6,3,3,52.42327585,3,3,52.42327585,7,53.17344074,0,green
58:51.7,3,3,35.11464857,3,3,35.11464857,9,63.49528053,0,green
58:51.7,3,3,15.11107805,3,3,15.11107805,9,71.59796691,0,green
58:51.8,3,3,22.87198341,3,3,22.87198341,9,72.02625856,2,green
58:51.9,3,3,39.14682961,3,3,39.14682961,9,85.01510463,0,green
58:52.0,2,2,34.04159987,2,2,34.04159987,8,77.7108826,0,green
58:52.1,2,2,43.82785276,2,2,43.82785276,8,118.6128056,0,green
58:52.1,3,3,17.50112964,3,3,17.50112964,8,111.121848,2,green
58:52.2,3,3,121.3793784,3,3,121.3793784,8,129.0172377,1,red
58:52.3,2,2,65.34683073,2,2,65.34683073,9,103.0209005,1,red
58:52.4,4,4,30.64009316,4,4,30.64009316,6,133.8309343,2,red
58:52.4,5,5,127.7030504,5,5,127.7030504,5,160.1337114,0,red
58:52.5,5,5,151.5420961,5,5,151.5420961,6,139.742292,0,red
58:52.6,5,5,171.9175582,5,5,171.9175582,6,80.2864202,1,red
58:52.7,3,3,255.765048,3,3,255.765048,6,70.92449745,0,red
58:52.8,3,3,275.8537784,3,3,275.8537784,7,100.827015,0,red
58:52.9,4,4,249.7894355,4,4,249.7894355,7,114.9823053,0,red
58:53.0,4,4,367.9066849,4,4,367.9066849,8,108.0723444,0,red
58:53.1,4,4,280.1998118,4,4,280.1998118,8,124.9083397,1,red
58:53.1,4,4,215.4179043,4,4,215.4179043,7,95.38005996,1,red
58:53.3,2,2,47.61149101,2,2,47.61149101,8,87.11568005,2,red
58:53.3,3,3,49.2959133,3,3,49.2959133,7,32.67214034,0,red
58:53.4,5,5,63.65712002,5,5,63.65712002,7,35.46915349,0,red
58:53.5,5,5,37.47283019,5,5,37.47283019,7,36.35664576,0,red
58:53.6,5,5,337.0473539,5,5,337.0473539,8,50.08947921,1,red
58:53.7,5,5,136.9343396,5,5,136.9343396,8,28.5521689,0,red
58:53.8,5,5,78.25341687,5,5,78.25341687,7,35.0188017,1,red
58:53.9,5,5,67.64915189,5,5,67.64915189,9,40.75162005,0,red
58:53.9,5,5,42.01214159,5,5,42.01214159,9,27.60665285,1,red
58:54.0,5,5,34.93866527,5,5,34.93866527,9,39.89734563,1,red
58:54.1,4,4,30.65835881,4,4,30.65835881,9,37.14679495,1,red
58:54.2,5,5,66.4793759,5,5,66.4793759,9,49.44450876,0,red
58:54.3,5,5,44.56346451,5,5,44.56346451,9,34.9689699,0,red
58:54.3,5,5,48.26171516,5,5,48.26171516,9,40.18515994,0,red
58:54.4,5,5,74.7376247,5,5,74.7376247,8,31.87471086,0,red
58:54.5,5,5,57.46161854,5,5,57.46161854,8,36.36206102,1,red
58:54.6,5,5,60.017961,5,5,60.017961,8,57.07843061,1,red
58:54.6,4,4,83.63733017,4,4,83.63733017,7,54.01108609,0,red
58:54.7,4,4,95.95255294,4,4,95.95255294,8,58.7543044,0,red
58:54.8,5,5,98.7803851,5,5,98.7803851,7,90.30688171,1,red
58:54.9,4,4,93.85401754,4,4,93.85401754,7,87.00259536,0,red
58:55.0,4,4,80.80456514,4,4,80.80456514,7,132.240755,0,red
58:55.1,4,4,92.50577702,4,4,92.50577702,7,110.6671608,0,red
58:55.2,4,4,98.3780337,4,4,98.3780337,8,77.27692359,0,red
58:55.2,4,4,123.7015881,4,4,123.7015881,8,110.1603379,0,red
58:55.3,4,4,168.6075907,4,4,168.6075907,9,93.55341518,0,red
58:55.4,3,3,129.8795254,3,3,129.8795254,9,94.29748466,1,red
58:55.5,3,3,167.5375221,3,3,167.5375221,9,84.42350944,0,red
58:55.5,4,4,133.9493727,4,4,133.9493727,8,88.42121085,0,red
58:55.7,5,5,69.25353564,5,5,69.25353564,8,108.0528543,0,red
58:55.8,5,5,49.62212502,5,5,49.62212502,9,112.3642405,0,red
58:55.9,6,6,75.03760418,6,6,75.03760418,9,101.3304851,2,red
58:56.0,6,6,168.5148841,6,6,168.5148841,9,101.8514346,0,red
58:56.0,8,8,171.9404902,8,8,171.9404902,8,103.4777161,0,red
58:56.1,7,7,190.3596237,7,7,190.3596237,7,116.212762,0,red
58:56.2,7,7,209.3887739,7,7,209.3887739,7,116.4232592,2,red
58:56.3,5,5,320.9440852,5,5,320.9440852,8,134.6561324,0,red
58:56.4,4,4,403.0802429,4,4,403.0802429,9,112.4778968,0,red
58:56.4,5,5,354.1468306,5,5,354.1468306,7,85.95168457,0,red
58:56.5,6,6,270.467603,6,6,270.467603,7,80.92492933,0,red
58:56.6,6,6,79.27933287,6,6,79.27933287,6,93.62517351,0,red
58:56.7,4,4,33.01109391,4,4,33.01109391,3,15.34891478,0,red
58:56.7,4,4,31.28732303,4,4,31.28732303,4,17.06443994,2,red
58:56.8,5,5,38.10813713,5,5,38.10813713,4,35.16173354,1,red
58:56.9,4,4,29.37181418,4,4,29.37181418,4,30.06296226,0,red
58:56.9,5,5,23.68754406,5,5,23.68754406,4,35.87536157,0,red
58:57.0,5,5,19.2230056,5,5,19.2230056,4,69.27516069,0,red
58:57.1,5,5,16.30799631,5,5,16.30799631,3,19.13347376,0,red
58:57.2,5,5,25.83020616,5,5,25.83020616,4,26.50810308,0,red
58:57.2,5,5,34.11094863,5,5,34.11094863,4,19.17658446,1,red
58:57.4,5,5,50.52785459,5,5,50.52785459,3,17.91829287,1,red
58:57.4,5,5,50.95873302,5,5,50.95873302,3,18.02105833,0,red
58:57.5,6,6,49.79127114,6,6,49.79127114,3,26.40784754,1,red
58:57.6,6,6,30.50040477,6,6,30.50040477,3,23.33458076,0,red
58:57.7,6,6,24.69135568,6,6,24.69135568,3,20.22741395,2,red
58:57.8,6,6,20.85792236,6,6,20.85792236,3,21.55931145,1,red
58:57.9,6,6,29.79709533,6,6,29.79709533,2,7.642100435,1,red
58:57.9,6,6,57.01959703,6,6,57.01959703,3,21.96798423,1,red
58:58.0,6,6,161.015883,6,6,161.015883,4,17.4213136,0,red
58:58.1,6,6,78.01669383,6,6,78.01669383,4,33.9557111,0,red
58:58.2,6,6,44.11836908,6,6,44.11836908,3,28.50926001,0,red
58:58.3,6,6,30.24397927,6,6,30.24397927,5,34.59996463,0,red
58:58.4,5,5,32.48025258,5,5,32.48025258,5,37.565328,0,red
58:58.5,5,5,20.36527505,5,5,20.36527505,6,18.39744132,0,red
58:58.6,5,5,39.37171545,5,5,39.37171545,5,24.35149711,0,red
58:58.7,5,5,22.80113759,5,5,22.80113759,5,77.52068734,0,red
58:58.7,5,5,50.77500783,5,5,50.77500783,5,37.56098092,0,red
58:58.8,5,5,41.51575193,5,5,41.51575193,5,47.67302817,0,red
58:58.9,5,5,47.25896314,5,5,47.25896314,5,35.28930497,0,red
58:59.0,4,4,29.80082876,4,4,29.80082876,5,68.29924422,1,red
58:59.0,4,4,45.84311789,4,4,45.84311789,6,83.67717441,0,red
58:59.1,3,3,47.04869419,3,3,47.04869419,7,56.54308888,0,red
58:59.2,3,3,30.51410162,3,3,30.51410162,7,68.44482056,0,red
58:59.2,3,3,18.71634257,3,3,18.71634257,8,45.69404121,0,red
58:59.3,3,3,32.70806995,3,3,32.70806995,9,47.65551048,1,red
58:59.4,3,3,27.18553751,3,3,27.18553751,9,43.11092284,2,red
58:59.5,4,4,39.68221641,4,4,39.68221641,10,35.90374617,0,red
58:59.5,4,4,28.78172904,4,4,28.78172904,10,42.46088256,2,red
58:59.6,4,4,34.9463925,4,4,34.9463925,10,53.35773168,1,red
58:59.7,4,4,47.29143306,4,4,47.29143306,9,39.60018235,0,red
58:59.8,5,5,60.50963758,5,5,60.50963758,8,20.4256224,1,red
58:59.9,5,5,34.06992794,5,5,34.06992794,9,32.2956432,1,red
58:59.9,6,6,44.48378555,6,6,44.48378555,9,31.34354481,2,red
59:00.0,6,6,31.47543253,6,6,31.47543253,11,28.57805805,3,red
59:00.1,7,7,97.96704569,7,7,97.96704569,10,27.10749637,1,red
59:00.2,8,8,43.73644171,8,8,43.73644171,10,31.56876002,0,red
59:00.3,9,9,54.18495927,9,9,54.18495927,10,31.79916751,1,red
59:00.4,8,8,25.3276537,8,8,25.3276537,11,36.01174556,0,red
59:00.5,8,8,23.31726232,8,8,23.31726232,11,40.56273146,1,red
59:00.6,7,7,19.74315328,7,7,19.74315328,11,46.20174095,1,red
59:00.7,7,7,23.38605708,7,7,23.38605708,10,53.83367081,0,red
59:00.8,7,7,15.47866898,7,7,15.47866898,11,61.48100165,0,red
59:00.9,6,6,20.3609435,6,6,20.3609435,12,63.75461391,1,red
59:01.0,7,7,35.60552206,7,7,35.60552206,11,54.11287928,1,red
59:01.1,7,7,42.10991548,7,7,42.10991548,11,41.76674641,0,red
59:01.2,8,8,57.13515277,8,8,57.13515277,10,45.12946784,1,red
59:01.3,8,8,44.8704511,8,8,44.8704511,11,43.88872431,1,red
59:01.4,8,8,45.63704965,8,8,45.63704965,10,63.71694838,1,red
59:01.5,9,9,58.94159105,9,9,58.94159105,10,45.04196452,0,red
59:01.6,9,9,47.58481785,9,9,47.58481785,8,56.32792286,0,red
59:01.7,9,9,58.44941507,9,9,58.44941507,8,61.938404,0,red
59:01.8,8,8,56.67491966,8,8,56.67491966,7,56.5569742,1,red
59:01.9,8,8,62.68353531,8,8,62.68353531,7,59.80415874,1,red
59:02.0,8,8,58.01286796,8,8,58.01286796,7,61.71063488,2,red
59:02.1,8,8,74.26302437,8,8,74.26302437,7,68.66006257,0,red
59:02.2,8,8,74.1709849,8,8,74.1709849,8,57.19985488,1,red
59:02.2,8,8,66.9700759,8,8,66.9700759,7,74.78494644,0,red
59:02.3,6,6,73.12057349,6,6,73.12057349,8,76.45720541,2,red
59:02.4,6,6,72.31638249,6,6,72.31638249,7,77.27801953,1,red
59:02.5,7,7,76.93979882,7,7,76.93979882,8,77.65922601,0,red
59:02.6,8,8,90.02697789,8,8,90.02697789,7,74.49064292,0,red
59:02.6,8,8,94.00726505,8,8,94.00726505,7,84.34973032,0,red
59:02.7,9,9,90.36312907,9,9,90.36312907,7,113.7274152,0,red
59:02.8,8,8,96.83338157,8,8,96.83338157,7,119.0023959,1,red
59:02.9,7,7,115.2897143,7,7,115.2897143,7,126.9752663,0,red
59:03.0,7,7,115.8030964,7,7,115.8030964,7,112.4526882,1,red
59:03.1,7,7,124.9505319,7,7,124.9505319,7,137.9941155,0,red
59:03.1,7,7,155.308954,7,7,155.308954,6,131.275891,0,red
59:03.2,6,6,156.9072009,6,6,156.9072009,6,164.4019282,0,red
59:03.3,6,6,172.5302637,6,6,172.5302637,6,155.7189144,1,red
59:03.4,7,7,151.6689504,7,7,151.6689504,6,118.7188762,1,red
59:03.5,7,7,105.8152145,7,7,105.8152145,6,125.2392609,0,red
59:03.6,7,7,42.36534116,7,7,42.36534116,7,129.2937556,0,red
59:03.6,7,7,49.2640338,7,7,49.2640338,7,70.86202033,0,red
59:03.7,7,7,51.48020734,7,7,51.48020734,6,69.59283235,1,red
59:03.8,7,7,49.27858683,7,7,49.27858683,6,55.35986906,0,red
59:04.0,7,7,55.92484054,7,7,55.92484054,7,71.41192561,1,red
59:04.1,6,6,66.95278845,6,6,66.95278845,7,78.54299208,1,red
59:04.2,7,7,68.43703317,7,7,68.43703317,7,102.0689337,1,red
59:04.3,7,7,65.05647905,7,7,65.05647905,7,84.149111,0,red
59:04.4,7,7,76.58451292,7,7,76.58451292,9,97.12491153,1,red
59:04.5,7,7,64.53633055,7,7,64.53633055,7,104.9232057,1,red
59:04.6,6,6,89.18803284,6,6,89.18803284,7,105.2091961,1,red
59:04.7,8,8,72.93971576,8,8,72.93971576,6,132.5875058,1,red
59:04.8,8,8,93.043088,8,8,93.043088,6,127.9082291,0,red
59:04.9,7,7,104.7428452,7,7,104.7428452,6,132.6936265,0,red
59:05.0,8,8,109.1940088,8,8,109.1940088,7,152.1375335,0,red
59:05.1,8,8,116.3770881,8,8,116.3770881,6,142.6384756,0,red
59:05.2,8,8,152.8352405,8,8,152.8352405,6,150.4202806,0,red
59:05.3,7,7,168.251262,7,7,168.251262,6,167.6513712,0,red
59:05.4,6,6,194.3231966,6,6,194.3231966,6,160.1210503,0,red
59:05.5,6,6,251.4495859,6,6,251.4495859,7,92.89087524,0,red
59:05.6,5,5,166.1992779,5,5,166.1992779,7,58.8813686,0,red
59:05.7,5,5,166.7233332,5,5,166.7233332,8,74.73138703,0,red
59:05.8,6,6,121.8950602,6,6,121.8950602,8,77.739071,1,red
59:05.9,6,6,128.9932629,6,6,128.9932629,8,87.43312913,1,red
59:05.9,8,8,216.7209491,8,8,216.7209491,7,87.31320203,1,red
59:06.0,5,5,140.4554935,5,5,140.4554935,9,158.6566819,0,red
59:06.1,5,5,161.7735295,5,5,161.7735295,9,147.1620894,0,red
59:06.2,6,6,121.9156317,6,6,121.9156317,9,81.28785519,1,red
59:06.3,7,7,115.4006894,7,7,115.4006894,9,73.10825672,2,red
59:06.3,7,7,151.6069427,7,7,151.6069427,9,101.5355701,1,red
59:06.4,7,7,145.9552691,7,7,145.9552691,10,104.4551591,2,red
59:06.5,7,7,152.4029516,7,7,152.4029516,10,137.627531,0,red
59:06.6,6,6,159.0553106,6,6,159.0553106,11,135.3858229,1,red
59:06.7,4,4,154.237086,4,4,154.237086,10,91.36533309,1,red
59:06.8,5,5,132.401448,5,5,132.401448,10,96.88654482,0,red
59:06.9,4,4,106.6848319,4,4,106.6848319,11,105.3978872,1,red
59:06.9,3,3,134.7890134,3,3,134.7890134,9,120.5694141,0,red
59:07.0,4,4,76.43092391,4,4,76.43092391,9,143.0778899,1,red
59:07.1,4,4,177.5950876,4,4,177.5950876,7,113.6757293,0,red
59:07.2,3,3,145.8031909,3,3,145.8031909,6,96.3096256,0,red
59:07.3,3,3,145.276177,3,3,145.276177,6,82.319998,0,red
59:07.3,3,3,85.59641602,3,3,85.59641602,6,90.96622769,0,red
59:07.4,3,3,200.949462,3,3,200.949462,6,72.37139363,0,red
59:07.5,3,3,140.810529,3,3,140.810529,7,92.33591824,0,red
59:07.6,3,3,131.215185,3,3,131.215185,7,82.21294014,1,red
59:07.7,3,3,105.546069,3,3,105.546069,7,117.3250996,0,red
59:07.7,4,4,37.35573675,4,4,37.35573675,7,115.1546006,0,red
59:07.8,3,3,130.6812169,3,3,130.6812169,8,131.7802298,0,red
59:07.9,3,3,98.1084817,3,3,98.1084817,9,134.2011723,1,red
59:08.0,3,3,51.13203883,3,3,51.13203883,8,83.96029348,0,red
59:08.1,4,4,52.3287934,4,4,52.3287934,8,118.2279289,0,red
59:08.2,4,4,92.77025838,4,4,92.77025838,8,97.04565871,0,red
59:08.3,4,4,114.9788147,4,4,114.9788147,8,104.6355235,0,red
59:08.4,4,4,371.9106228,4,4,371.9106228,8,126.2675769,1,red
59:08.5,3,3,220.2534837,3,3,220.2534837,9,152.1016039,1,red
59:08.6,3,3,206.7537279,3,3,206.7537279,9,181.6978157,0,red
59:08.7,4,4,207.1788844,4,4,207.1788844,10,143.9317955,1,red
59:08.8,5,5,239.9281719,5,5,239.9281719,11,144.6647299,0,red
59:08.9,5,5,242.599483,5,5,242.599483,11,181.1256824,0,red
59:09.0,5,5,258.2242538,5,5,258.2242538,12,170.9630914,1,red
59:09.1,5,5,250.0630992,5,5,250.0630992,12,198.8393641,1,red
59:09.2,5,5,313.175195,5,5,313.175195,9,278.0046311,1,red
59:09.3,4,4,382.5304242,4,4,382.5304242,8,251.7598631,0,red
59:09.4,5,5,387.8308339,5,5,387.8308339,8,232.8519277,0,red
59:09.5,5,5,370.7027148,5,5,370.7027148,8,194.5645763,1,red
59:09.6,5,5,299.9458712,5,5,299.9458712,6,278.9023513,0,red
59:09.7,6,6,321.2468232,6,6,321.2468232,6,93.6186697,0,red
59:09.8,6,6,317.2434914,6,6,317.2434914,5,84.39161122,0,red
59:09.9,5,5,213.6755421,5,5,213.6755421,3,176.397698,0,red
59:10.0,5,5,230.4910179,5,5,230.4910179,7,108.3609534,0,red
59:10.1,4,4,77.90142319,4,4,77.90142319,8,150.8666558,0,red
59:10.2,4,4,53.94913141,4,4,53.94913141,8,127.2629726,0,red
59:10.3,4,4,105.4861323,4,4,105.4861323,6,156.3611599,0,red
59:10.4,4,4,79.67010163,4,4,79.67010163,6,131.570704,1,red
59:10.5,4,4,58.55393702,4,4,58.55393702,6,103.6737171,1,red
59:10.6,4,4,85.37041035,4,4,85.37041035,7,87.64895026,0,red
59:10.7,4,4,78.12014151,4,4,78.12014151,6,121.9787725,0,red
59:10.8,4,4,88.70754162,4,4,88.70754162,6,120.0638897,0,red
59:10.9,4,4,80.15902165,4,4,80.15902165,7,134.9475559,0,red
59:11.0,4,4,77.51018598,4,4,77.51018598,7,122.2533069,2,red
59:11.1,4,4,81.99289759,4,4,81.99289759,7,119.2217981,0,red
59:11.2,4,4,105.2251345,4,4,105.2251345,7,122.201396,1,red
59:11.3,4,4,105.1423743,4,4,105.1423743,7,135.8898448,0,red
59:11.4,4,4,89.59363738,4,4,89.59363738,7,146.4051596,1,red
59:11.5,4,4,139.0084979,4,4,139.0084979,7,154.8562177,0,red
59:11.6,4,4,82.58666834,4,4,82.58666834,7,191.6855001,0,red
59:11.7,4,4,98.1358019,4,4,98.1358019,7,178.978028,1,red
59:11.8,4,4,149.4476982,4,4,149.4476982,7,142.7622644,0,red
59:11.9,4,4,125.6893433,4,4,125.6893433,7,140.6997459,0,red
59:11.9,4,4,128.7102019,4,4,128.7102019,7,161.4342708,0,red
59:12.0,4,4,144.2666105,4,4,144.2666105,7,157.0508054,0,red
59:12.1,4,4,158.3442266,4,4,158.3442266,7,159.4183462,0,red
59:12.2,5,5,158.3908848,5,5,158.3908848,6,162.0395782,1,red
59:12.3,5,5,100.2663306,5,5,100.2663306,4,153.6596957,1,red
59:12.4,4,4,25.51260069,4,4,25.51260069,4,153.1610905,0,red
59:12.4,4,4,21.39616898,4,4,21.39616898,5,92.0063831,0,red
59:12.5,4,4,20.21627061,4,4,20.21627061,6,57.98450921,0,red
59:12.6,4,4,25.62876454,4,4,25.62876454,6,85.93405958,0,red
59:12.7,4,4,34.24018019,4,4,34.24018019,6,79.53140323,1,red
59:12.8,3,3,36.33157852,3,3,36.33157852,7,84.29435615,0,red
59:12.9,4,4,28.8237291,4,4,28.8237291,7,143.8287559,0,red
59:12.9,4,4,310.9905187,4,4,310.9905187,6,102.4493567,0,red
59:13.0,4,4,227.5653101,4,4,227.5653101,6,90.26010544,1,red
59:13.1,3,3,61.0448985,3,3,61.0448985,6,328.0487389,1,red
59:13.2,3,3,56.16122395,3,3,56.16122395,6,167.7218223,0,red
59:13.3,5,5,93.8742233,5,5,93.8742233,6,46.33900847,0,red
59:13.4,5,5,47.49127241,5,5,47.49127241,6,47.40800735,0,red
59:13.5,4,4,31.55019535,4,4,31.55019535,7,38.20681334,0,red
59:13.6,4,4,88.7920347,4,4,88.7920347,7,38.41245094,1,red
59:13.7,5,5,41.57811587,5,5,41.57811587,7,40.63020875,0,red
59:13.8,3,3,15.77290768,3,3,15.77290768,7,44.50226818,1,red
59:13.9,3,3,22.2343868,3,3,22.2343868,7,51.91652518,1,red
59:14.0,3,3,12.60702842,3,3,12.60702842,7,47.13503517,2,red
59:14.1,3,3,19.49588225,3,3,19.49588225,6,52.93339416,1,red
59:14.2,3,3,17.43727949,3,3,17.43727949,7,49.32521194,1,red
59:14.3,3,3,26.19313057,3,3,26.19313057,8,69.08696304,1,red
59:14.4,3,3,27.02017951,3,3,27.02017951,7,82.05887673,1,red
59:14.5,3,3,14.88139351,3,3,14.88139351,7,59.403813,1,red
59:14.5,4,4,27.82393556,4,4,27.82393556,6,59.00546417,1,red
59:14.6,4,4,52.58391682,4,4,52.58391682,8,54.70241311,1,red
59:14.7,4,4,125.958401,4,4,125.958401,7,75.79286258,0,red
59:14.8,5,5,89.80259343,5,5,89.80259343,7,89.98974832,0,red
59:14.9,5,5,85.47347952,5,5,85.47347952,8,82.17616743,0,red
59:15.0,4,4,31.93306908,4,4,31.93306908,8,86.57458074,2,red
59:15.1,4,4,26.20204479,4,4,26.20204479,9,94.33036178,0,red
59:15.2,4,4,36.19570516,4,4,36.19570516,9,81.17247883,0,red
59:15.2,4,4,36.32098502,4,4,36.32098502,9,85.56395399,0,red
59:15.3,4,4,23.40351774,4,4,23.40351774,9,88.74261901,0,red
59:15.4,4,4,22.29867327,4,4,22.29867327,9,99.59745233,0,red
59:15.5,4,4,24.24509778,4,4,24.24509778,8,107.6832423,1,red
59:15.6,4,4,25.82573201,4,4,25.82573201,7,140.5980954,1,red
59:15.7,4,4,17.50068295,4,4,17.50068295,7,154.1571117,0,red
59:15.8,5,5,82.21790955,5,5,82.21790955,6,119.6952823,0,red
59:15.9,5,5,83.38332162,5,5,83.38332162,6,95.80334054,0,red
59:15.9,4,4,28.70610615,4,4,28.70610615,5,114.6959128,0,red
59:16.0,3,3,38.46842045,3,3,38.46842045,8,104.0431794,0,red
59:16.1,4,4,48.94970302,4,4,48.94970302,7,75.14481524,0,green
59:16.2,3,3,37.20071376,3,3,37.20071376,9,83.39190519,0,green
59:16.3,3,3,30.9212807,3,3,30.9212807,9,65.69652922,0,green
59:16.4,3,3,21.63666998,3,3,21.63666998,9,69.67505877,0,green
59:16.5,3,3,20.34755177,3,3,20.34755177,9,53.45802532,0,green
59:16.5,3,3,21.92476921,3,3,21.92476921,10,53.80822108,0,green
59:16.6,3,3,12.29587338,3,3,12.29587338,9,51.20711471,0,green
59:16.7,4,4,24.76579646,4,4,24.76579646,10,47.91360872,0,green
59:16.8,4,4,40.08619957,4,4,40.08619957,10,46.40867229,1,green
59:16.9,4,4,55.51650298,4,4,55.51650298,11,48.4935293,1,green
59:17.0,4,4,53.44203402,4,4,53.44203402,11,44.87076242,0,green
59:17.1,4,4,36.13699211,4,4,36.13699211,10,45.35506696,2,green
59:17.2,4,4,63.6809754,4,4,63.6809754,10,55.02428913,0,green
59:17.3,4,4,63.77719981,4,4,63.77719981,10,46.71056027,3,green
59:17.4,4,4,61.42713703,4,4,61.42713703,10,54.02963855,0,green
59:17.5,4,4,84.66522838,4,4,84.66522838,10,51.71016515,1,green
59:17.5,5,5,71.54667467,5,5,71.54667467,9,56.38410588,0,green
59:17.6,5,5,71.00703185,5,5,71.00703185,10,52.96855181,1,green
59:17.7,4,4,71.91420194,4,4,71.91420194,10,48.66419905,3,green
59:17.8,4,4,69.46086209,4,4,69.46086209,10,41.25107629,2,green
59:17.9,5,5,61.31670728,5,5,61.31670728,10,49.09238275,3,green
59:18.0,5,5,69.86819421,5,5,69.86819421,11,59.90174336,1,green
59:18.1,6,6,79.58643423,6,6,79.58643423,10,69.09194445,3,green
59:18.2,6,6,46.64578156,6,6,46.64578156,9,47.90014306,2,green
59:18.2,6,6,60.40653429,6,6,60.40653429,9,53.15876468,2,green
59:18.3,6,6,59.72396789,6,6,59.72396789,10,58.90003143,3,green
59:18.4,6,6,55.94367432,6,6,55.94367432,10,65.18579102,2,green
59:18.5,6,6,79.03451359,6,6,79.03451359,10,74.2342226,0,green
59:18.5,6,6,68.4349901,6,6,68.4349901,10,72.39594462,2,green
59:18.6,7,7,83.92774633,7,7,83.92774633,9,83.09798643,2,green
59:18.7,6,6,74.85818777,6,6,74.85818777,8,107.7388368,1,green
59:18.8,6,6,87.22655662,6,6,87.22655662,10,69.90824719,1,green
59:18.9,6,6,96.81680884,6,6,96.81680884,8,87.47780138,2,green
59:19.0,6,6,97.72696312,6,6,97.72696312,8,94.63853774,2,green
59:19.1,5,5,149.4464407,5,5,149.4464407,7,100.2313519,4,green
59:19.2,5,5,131.0637769,5,5,131.0637769,6,133.3484567,0,green
59:19.3,5,5,140.9577318,5,5,140.9577318,6,155.9256933,0,green
59:19.4,6,6,145.7596536,6,6,145.7596536,5,161.2734351,0,green
59:19.5,6,6,140.6817898,6,6,140.6817898,5,124.1189349,0,green
59:19.6,7,7,94.75669987,7,7,94.75669987,6,102.4163899,0,green
59:19.7,6,6,8.949372674,6,6,8.949372674,6,23.72870921,1,green
59:19.8,6,6,15.46960424,6,6,15.46960424,7,21.32907202,1,green
59:19.9,6,6,11.97830137,6,6,11.97830137,7,17.80428606,2,green
59:20.0,6,6,21.30327128,6,6,21.30327128,7,22.71877745,1,green
59:20.1,6,6,15.85151202,6,6,15.85151202,7,42.82171699,0,green
59:20.2,6,6,14.19551275,6,6,14.19551275,7,21.5151971,1,green
59:20.3,5,5,23.01827068,5,5,23.01827068,7,38.66761357,0,green
59:20.4,5,5,12.03132337,5,5,12.03132337,8,36.54343094,1,green
59:20.5,5,5,13.898466,5,5,13.898466,8,27.58619321,1,green
59:20.6,5,5,25.73794698,5,5,25.73794698,8,45.09966059,0,green
59:20.7,5,5,28.35937654,5,5,28.35937654,7,37.18943754,0,green
59:20.8,5,5,35.61920233,5,5,35.61920233,7,35.00852835,0,green
59:20.8,5,5,25.71574854,5,5,25.71574854,8,39.49907305,1,green
59:20.9,5,5,18.27613503,5,5,18.27613503,8,32.13566314,0,green
59:21.0,5,5,14.81322864,5,5,14.81322864,9,36.21047243,0,green
59:21.1,5,5,17.15496721,5,5,17.15496721,9,45.08751163,0,green
59:21.2,5,5,16.96524267,5,5,16.96524267,9,49.11061039,0,green
59:21.3,4,4,15.7821501,4,4,15.7821501,8,33.28652488,2,green
59:21.4,5,5,20.63483809,5,5,20.63483809,8,56.28754556,1,green
59:21.4,5,5,22.9186012,5,5,22.9186012,7,40.82753672,0,green
59:21.5,4,4,19.22520618,4,4,19.22520618,7,43.25044197,1,green
59:21.6,4,4,10.76432469,4,4,10.76432469,7,77.99253285,1,green
59:21.7,4,4,20.39492631,4,4,20.39492631,6,60.79384648,0,green
59:21.7,4,4,23.65804368,4,4,23.65804368,5,73.18260215,0,green
59:21.8,4,4,10.58198066,4,4,10.58198066,6,47.04439568,1,green
59:21.9,4,4,16.52466858,4,4,16.52466858,6,48.30792956,0,green
59:22.0,4,4,14.09379028,4,4,14.09379028,6,62.66926817,0,green
59:22.1,4,4,15.87685972,4,4,15.87685972,6,72.19765393,0,green
59:22.1,4,4,10.10497276,4,4,10.10497276,6,118.4851374,0,green
59:22.2,5,5,30.58838674,5,5,30.58838674,5,85.90210926,1,green
59:22.3,4,4,15.12757976,4,4,15.12757976,5,109.6382608,0,green
59:22.4,4,4,13.60229457,4,4,13.60229457,5,111.0503808,0,green
59:22.5,4,4,18.56717325,4,4,18.56717325,5,140.2329786,0,green
59:22.6,5,5,24.0675011,5,5,24.0675011,6,147.9694089,0,green
59:22.7,4,4,25.52148574,4,4,25.52148574,6,119.0355474,0,green
59:22.8,5,5,11.55175116,5,5,11.55175116,6,97.34285328,0,green
59:22.8,4,4,50.5167765,4,4,50.5167765,5,53.30413337,0,green
59:22.9,5,5,46.45442853,5,5,46.45442853,6,60.75828103,1,green
59:23.0,5,5,40.50288076,5,5,40.50288076,6,86.86726087,0,green
59:23.1,5,5,63.29997501,5,5,63.29997501,6,77.96949267,0,green
59:23.2,5,5,45.42396371,5,5,45.42396371,6,94.64729035,0,green
59:23.3,5,5,21.41839001,5,5,21.41839001,6,115.9307238,0,green
,,,,,,,,,,
